id,valor_total_avaluo 
2,200000000
9,200000000
16,200000000
25,200000000
30,200000000
31,200000000
32,200000000
33,200000000
36,200000000
39,200000000
41,200000000
44,200000000
49,200000000
51,200000000
52,200000000
60,200000000
62,200000000
65,200000000
67,200000000
73,200000000
79,200000000
82,200000000
99,200000000
103,200000000
108,200000000
109,200000000
110,200000000
112,200000000
114,200000000
115,200000000
116,200000000
121,200000000
123,200000000
124,200000000
128,200000000
134,200000000
135,200000000
139,200000000
143,200000000
156,200000000
160,200000000
164,200000000
178,200000000
180,200000000
181,200000000
183,200000000
187,200000000
188,200000000
189,200000000
191,200000000
203,200000000
210,200000000
211,200000000
213,200000000
214,200000000
224,200000000
227,200000000
230,200000000
231,200000000
233,200000000
236,200000000
238,200000000
239,200000000
243,200000000
253,200000000
254,200000000
260,200000000
263,200000000
266,200000000
268,200000000
271,200000000
274,200000000
281,200000000
285,200000000
287,200000000
291,200000000
292,200000000
296,200000000
299,200000000
308,200000000
311,200000000
317,200000000
319,200000000
321,200000000
330,200000000
335,200000000
343,200000000
346,200000000
349,200000000
355,200000000
359,200000000
364,200000000
367,200000000
368,200000000
373,200000000
376,200000000
377,200000000
382,200000000
391,200000000
395,200000000
396,200000000
399,200000000
402,200000000
406,200000000
410,200000000
413,200000000
420,200000000
421,200000000
422,200000000
431,200000000
435,200000000
439,200000000
442,200000000
444,200000000
446,200000000
451,200000000
460,200000000
466,200000000
470,200000000
473,200000000
476,200000000
477,200000000
481,200000000
501,200000000
503,200000000
504,200000000
505,200000000
508,200000000
512,200000000
514,200000000
521,200000000
522,200000000
523,200000000
525,200000000
530,200000000
534,200000000
541,200000000
542,200000000
543,200000000
552,200000000
554,200000000
555,200000000
558,200000000
564,200000000
565,200000000
566,200000000
568,200000000
569,200000000
573,200000000
581,200000000
584,200000000
587,200000000
607,200000000
609,200000000
611,200000000
615,200000000
619,200000000
623,200000000
627,200000000
628,200000000
635,200000000
639,200000000
641,200000000
642,200000000
646,200000000
649,200000000
653,200000000
656,200000000
657,200000000
665,200000000
666,200000000
671,200000000
674,200000000
677,200000000
682,200000000
687,200000000
690,200000000
693,200000000
695,200000000
703,200000000
704,200000000
705,200000000
713,200000000
717,200000000
725,200000000
729,200000000
734,200000000
739,200000000
750,200000000
754,200000000
757,200000000
758,200000000
760,200000000
761,200000000
763,200000000
764,200000000
765,200000000
768,200000000
771,200000000
777,200000000
779,200000000
786,200000000
787,200000000
790,200000000
792,200000000
794,200000000
795,200000000
797,200000000
798,200000000
800,200000000
802,200000000
806,200000000
810,200000000
812,200000000
813,200000000
817,200000000
822,200000000
826,200000000
841,200000000
852,200000000
854,200000000
860,200000000
864,200000000
865,200000000
868,200000000
875,200000000
882,200000000
883,200000000
884,200000000
885,200000000
891,200000000
892,200000000
897,200000000
902,200000000
910,200000000
911,200000000
913,200000000
918,200000000
920,200000000
923,200000000
926,200000000
937,200000000
939,200000000
940,200000000
941,200000000
946,200000000
960,200000000
962,200000000
965,200000000
970,200000000
971,200000000
976,200000000
980,200000000
981,200000000
982,200000000
991,200000000
992,200000000
994,200000000
995,200000000
999,200000000
1001,200000000
1006,200000000
1008,200000000
1010,200000000
1011,200000000
1012,200000000
1013,200000000
1019,200000000
1023,200000000
1024,200000000
1025,200000000
1028,200000000
1033,200000000
1036,200000000
1037,200000000
1039,200000000
1041,200000000
1053,200000000
1059,200000000
1061,200000000
1062,200000000
1063,200000000
1064,200000000
1073,200000000
1074,200000000
1076,200000000
1079,200000000
1081,200000000
1085,200000000
1086,200000000
1087,200000000
1090,200000000
1095,200000000
1098,200000000
1099,200000000
1103,200000000
1104,200000000
1106,200000000
1107,200000000
1108,200000000
1114,200000000
1115,200000000
1121,200000000
1124,200000000
1126,200000000
1132,200000000
1141,200000000
1144,200000000
1145,200000000
1148,200000000
1153,200000000
1155,200000000
1160,200000000
1172,200000000
1174,200000000
1176,200000000
1177,200000000
1182,200000000
1188,200000000
1193,200000000
1198,200000000
1200,200000000
1205,200000000
1217,200000000
1220,200000000
1223,200000000
1224,200000000
1227,200000000
1253,200000000
1254,200000000
1258,200000000
1262,200000000
1264,200000000
1277,200000000
1278,200000000
1282,200000000
1284,200000000
1286,200000000
1291,200000000
1293,200000000
1294,200000000
1296,200000000
1297,200000000
1298,200000000
1302,200000000
1303,200000000
1304,200000000
1305,200000000
1315,200000000
1318,200000000
1321,200000000
1323,200000000
1326,200000000
1327,200000000
1329,200000000
1330,200000000
1336,200000000
1343,200000000
1346,200000000
1359,200000000
1362,200000000
1363,200000000
1364,200000000
1367,200000000
1371,200000000
1372,200000000
1375,200000000
1379,200000000
1380,200000000
1381,200000000
1393,200000000
1398,200000000
1400,200000000
1402,200000000
1404,200000000
1406,200000000
1412,200000000
1416,200000000
1422,200000000
1425,200000000
1427,200000000
1428,200000000
1432,200000000
1433,200000000
1439,200000000
1441,200000000
1442,200000000
1450,200000000
1451,200000000
1455,200000000
1462,200000000
1466,200000000
1467,200000000
1472,200000000
1479,200000000
1480,200000000
1485,200000000
1487,200000000
1492,200000000
1493,200000000
1494,200000000
1496,200000000
1497,200000000
1498,200000000
1503,200000000
1506,200000000
1510,200000000
1511,200000000
1516,200000000
1517,200000000
1523,200000000
1527,200000000
1536,200000000
1537,200000000
1539,200000000
1545,200000000
1547,200000000
1550,200000000
1557,200000000
1562,200000000
1568,200000000
1571,200000000
1581,200000000
1597,200000000
1598,200000000
1600,200000000
1606,200000000
1609,200000000
1611,200000000
1613,200000000
1617,200000000
1620,200000000
1622,200000000
1624,200000000
1630,200000000
1631,200000000
1633,200000000
1642,200000000
1645,200000000
1648,200000000
1649,200000000
1650,200000000
1666,200000000
1668,200000000
1669,200000000
1671,200000000
1673,200000000
1674,200000000
1676,200000000
1682,200000000
1685,200000000
1686,200000000
1691,200000000
1696,200000000
1703,200000000
1704,200000000
1706,200000000
1713,200000000
1716,200000000
1718,200000000
1721,200000000
1723,200000000
1725,200000000
1726,200000000
1729,200000000
1733,200000000
1754,200000000
1755,200000000
1757,200000000
1768,200000000
1771,200000000
1776,200000000
1778,200000000
1782,200000000
1784,200000000
1786,200000000
1792,200000000
1794,200000000
1796,200000000
1799,200000000
1802,200000000
1806,200000000
1807,200000000
1811,200000000
1817,200000000
1818,200000000
1823,200000000
1827,200000000
1830,200000000
1835,200000000
1837,200000000
1840,200000000
1846,200000000
1854,200000000
1857,200000000
1859,200000000
1869,200000000
1873,200000000
1875,200000000
1884,200000000
1894,200000000
1900,200000000
1908,200000000
1920,200000000
1923,200000000
1927,200000000
1929,200000000
1930,200000000
1935,200000000
1937,200000000
1940,200000000
1942,200000000
1946,200000000
1954,200000000
1956,200000000
1957,200000000
1962,200000000
1969,200000000
1974,200000000
1977,200000000
1979,200000000
1980,200000000
1997,200000000
2011,200000000
2013,200000000
2015,200000000
2020,200000000
2021,200000000
2023,200000000
2024,200000000
2027,200000000
2031,200000000
2036,200000000
2037,200000000
2040,200000000
2043,200000000
2049,200000000
2052,200000000
2056,200000000
2057,200000000
2062,200000000
2064,200000000
2067,200000000
2068,200000000
2070,200000000
2072,200000000
2075,200000000
2076,200000000
2079,200000000
2082,200000000
2083,200000000
2088,200000000
2095,200000000
2096,200000000
2102,200000000
2104,200000000
2107,200000000
2113,200000000
2115,200000000
2116,200000000
2124,200000000
2128,200000000
2131,200000000
2145,200000000
2146,200000000
2148,200000000
2149,200000000
2151,200000000
2155,200000000
2157,200000000
2159,200000000
2160,200000000
2162,200000000
2165,200000000
2166,200000000
2169,200000000
2172,200000000
2174,200000000
2178,200000000
2179,200000000
2180,200000000
2184,200000000
2188,200000000
2195,200000000
2197,200000000
2200,200000000
2201,200000000
2205,200000000
2210,200000000
2212,200000000
2214,200000000
2215,200000000
2216,200000000
2217,200000000
2219,200000000
2223,200000000
2233,200000000
2239,200000000
2241,200000000
2245,200000000
2253,200000000
2254,200000000
2258,200000000
2274,200000000
2276,200000000
2278,200000000
2283,200000000
2288,200000000
2294,200000000
2302,200000000
2306,200000000
2308,200000000
2309,200000000
2317,200000000
2319,200000000
2322,200000000
2329,200000000
2330,200000000
2332,200000000
2334,200000000
2335,200000000
2337,200000000
2340,200000000
2341,200000000
2344,200000000
2346,200000000
2352,200000000
2353,200000000
2354,200000000
2360,200000000
2361,200000000
2364,200000000
2366,200000000
2373,200000000
2374,200000000
2375,200000000
2387,200000000
2390,200000000
2393,200000000
2399,200000000
2404,200000000
2407,200000000
2408,200000000
2410,200000000
2424,200000000
2426,200000000
2444,200000000
2446,200000000
2449,200000000
2452,200000000
2453,200000000
2454,200000000
2457,200000000
2461,200000000
2468,200000000
2472,200000000
2474,200000000
2477,200000000
2484,200000000
2488,200000000
2492,200000000
2499,200000000
2505,200000000
2508,200000000
2512,200000000
2515,200000000
2517,200000000
2533,200000000
2535,200000000
2537,200000000
2540,200000000
2541,200000000
2545,200000000
2547,200000000
2549,200000000
2556,200000000
2559,200000000
2560,200000000
2563,200000000
2565,200000000
2572,200000000
2574,200000000
2576,200000000
2579,200000000
2580,200000000
2581,200000000
2583,200000000
2591,200000000
2594,200000000
2595,200000000
2596,200000000
2598,200000000
2603,200000000
2604,200000000
2605,200000000
2606,200000000
2607,200000000
2610,200000000
2611,200000000
2613,200000000
2616,200000000
2618,200000000
2627,200000000
2629,200000000
2633,200000000
2634,200000000
2640,200000000
2648,200000000
2649,200000000
2650,200000000
2652,200000000
2654,200000000
2655,200000000
2656,200000000
2659,200000000
2661,200000000
2663,200000000
2664,200000000
2667,200000000
2672,200000000
2674,200000000
2677,200000000
2679,200000000
2684,200000000
2686,200000000
2688,200000000
2691,200000000
2692,200000000
2693,200000000
2694,200000000
2700,200000000
2701,200000000
2706,200000000
2707,200000000
2710,200000000
2711,200000000
2712,200000000
2717,200000000
2718,200000000
2720,200000000
2725,200000000
2727,200000000
2728,200000000
2729,200000000
2733,200000000
2736,200000000
2738,200000000
2741,200000000
2742,200000000
2743,200000000
2753,200000000
2755,200000000
2757,200000000
2759,200000000
2764,200000000
2766,200000000
2767,200000000
2768,200000000
2770,200000000
2772,200000000
2773,200000000
2774,200000000
2779,200000000
2780,200000000
2781,200000000
2785,200000000
2787,200000000
2788,200000000
2789,200000000
2791,200000000
2793,200000000
2794,200000000
2796,200000000
2802,200000000
2823,200000000
2825,200000000
2826,200000000
2827,200000000
2835,200000000
2837,200000000
2844,200000000
2846,200000000
2850,200000000
2852,200000000
2860,200000000
2861,200000000
2866,200000000
2867,200000000
2872,200000000
2877,200000000
2884,200000000
2885,200000000
2888,200000000
2891,200000000
2892,200000000
2897,200000000
2902,200000000
2911,200000000
2913,200000000
2914,200000000
2915,200000000
2916,200000000
2917,200000000
2918,200000000
2920,200000000
2924,200000000
2930,200000000
2935,200000000
2942,200000000
2945,200000000
2949,200000000
2953,200000000
2956,200000000
2959,200000000
2960,200000000
2962,200000000
2964,200000000
2967,200000000
2971,200000000
2972,200000000
2977,200000000
2985,200000000
2986,200000000
2987,200000000
2990,200000000
2996,200000000
3000,200000000
3001,200000000
3003,200000000
3012,200000000
3015,200000000
3016,200000000
3039,200000000
3044,200000000
3045,200000000
3046,200000000
3050,200000000
3051,200000000
3053,200000000
3056,200000000
3058,200000000
3065,200000000
3067,200000000
3074,200000000
3076,200000000
3079,200000000
3082,200000000
3086,200000000
3093,200000000
3102,200000000
3107,200000000
3108,200000000
3110,200000000
3111,200000000
3115,200000000
3116,200000000
3117,200000000
3120,200000000
3122,200000000
3127,200000000
3129,200000000
3130,200000000
3134,200000000
3135,200000000
3136,200000000
3137,200000000
3139,200000000
3140,200000000
3143,200000000
3145,200000000
3146,200000000
3149,200000000
3150,200000000
3152,200000000
3161,200000000
3162,200000000
3167,200000000
3168,200000000
3172,200000000
3179,200000000
3181,200000000
3182,200000000
3183,200000000
3187,200000000
3192,200000000
3193,200000000
3201,200000000
3203,200000000
3206,200000000
3210,200000000
3211,200000000
3217,200000000
3218,200000000
3220,200000000
3222,200000000
3225,200000000
3243,200000000
3246,200000000
3247,200000000
3248,200000000
3252,200000000
3253,200000000
3254,200000000
3256,200000000
3257,200000000
3261,200000000
3263,200000000
3266,200000000
3268,200000000
3272,200000000
3274,200000000
3275,200000000
3279,200000000
3282,200000000
3286,200000000
3287,200000000
3292,200000000
3296,200000000
3300,200000000
3301,200000000
3303,200000000
3315,200000000
3317,200000000
3321,200000000
3323,200000000
3326,200000000
3327,200000000
3329,200000000
3331,200000000
3333,200000000
3335,200000000
3340,200000000
3347,200000000
3349,200000000
3354,200000000
3355,200000000
3359,200000000
3363,200000000
3367,200000000
3370,200000000
3371,200000000
3375,200000000
3377,200000000
3379,200000000
3380,200000000
3382,200000000
3383,200000000
3384,200000000
3385,200000000
3387,200000000
3388,200000000
3392,200000000
3393,200000000
3394,200000000
3396,200000000
3397,200000000
3401,200000000
3403,200000000
3405,200000000
3411,200000000
3412,200000000
3413,200000000
3415,200000000
3426,200000000
3427,200000000
3429,200000000
3431,200000000
3432,200000000
3441,200000000
3442,200000000
3450,200000000
3456,200000000
3458,200000000
3464,200000000
3473,200000000
3477,200000000
3480,200000000
3481,200000000
3482,200000000
3485,200000000
3486,200000000
3487,200000000
3488,200000000
3490,200000000
3491,200000000
3496,200000000
3499,200000000
3505,200000000
3509,200000000
3511,200000000
3514,200000000
3518,200000000
3519,200000000
3522,200000000
3523,200000000
3526,200000000
3527,200000000
3528,200000000
3529,200000000
3532,200000000
3537,200000000
3540,200000000
3543,200000000
3544,200000000
3546,200000000
3547,200000000
3549,200000000
3553,200000000
3556,200000000
3564,200000000
3570,200000000
3572,200000000
3577,200000000
3586,200000000
3596,200000000
3600,200000000
3601,200000000
3604,200000000
3607,200000000
3621,200000000
3623,200000000
3626,200000000
3628,200000000
3631,200000000
3635,200000000
3636,200000000
3637,200000000
3644,200000000
3647,200000000
3648,200000000
3652,200000000
3654,200000000
3658,200000000
3661,200000000
3663,200000000
3664,200000000
3671,200000000
3679,200000000
3681,200000000
3685,200000000
3686,200000000
3689,200000000
3692,200000000
3696,200000000
3702,200000000
3704,200000000
3706,200000000
3707,200000000
3710,200000000
3713,200000000
3715,200000000
3717,200000000
3720,200000000
3721,200000000
3722,200000000
3724,200000000
3729,200000000
3731,200000000
3732,200000000
3735,200000000
3737,200000000
3739,200000000
3746,200000000
3755,200000000
3762,200000000
3763,200000000
3767,200000000
3769,200000000
3771,200000000
3773,200000000
3776,200000000
3779,200000000
3780,200000000
3781,200000000
3782,200000000
3783,200000000
3784,200000000
3787,200000000
3793,200000000
3797,200000000
3798,200000000
3799,200000000
3800,200000000
3802,200000000
3806,200000000
3807,200000000
3808,200000000
3811,200000000
3814,200000000
3816,200000000
3817,200000000
3820,200000000
3822,200000000
3825,200000000
3826,200000000
3839,200000000
3842,200000000
3843,200000000
3844,200000000
3850,200000000
3851,200000000
3855,200000000
3856,200000000
3865,200000000
3869,200000000
3871,200000000
3875,200000000
3876,200000000
3878,200000000
3882,200000000
3887,200000000
3889,200000000
3902,200000000
3903,200000000
3906,200000000
3909,200000000
3914,200000000
3918,200000000
3921,200000000
3926,200000000
3930,200000000
3932,200000000
3937,200000000
3945,200000000
3946,200000000
3951,200000000
3954,200000000
3957,200000000
3959,200000000
3960,200000000
3962,200000000
3967,200000000
3969,200000000
3971,200000000
3976,200000000
3980,200000000
3981,200000000
3984,200000000
3989,200000000
3991,200000000
3994,200000000
3995,200000000
3999,200000000
4002,200000000
4014,200000000
4017,200000000
4021,200000000
4022,200000000
4039,200000000
4041,200000000
4042,200000000
4043,200000000
4045,200000000
4047,200000000
4050,200000000
4051,200000000
4053,200000000
4056,200000000
4057,200000000
4058,200000000
4065,200000000
4068,200000000
4069,200000000
4071,200000000
4073,200000000
4075,200000000
4080,200000000
4081,200000000
4083,200000000
4085,200000000
4086,200000000
4088,200000000
4097,200000000
4099,200000000
4100,200000000
4107,200000000
4111,200000000
4113,200000000
4114,200000000
4115,200000000
4116,200000000
4118,200000000
4119,200000000
4134,200000000
4136,200000000
4142,200000000
4144,200000000
4153,200000000
4154,200000000
4158,200000000
4161,200000000
4164,200000000
4165,200000000
4169,200000000
4171,200000000
4174,200000000
4177,200000000
4180,200000000
4185,200000000
4186,200000000
4188,200000000
4189,200000000
4191,200000000
4193,200000000
4195,200000000
4202,200000000
4209,200000000
4212,200000000
4215,200000000
4216,200000000
4218,200000000
4228,200000000
4229,200000000
4231,200000000
4234,200000000
4238,200000000
4241,200000000
4245,200000000
4250,200000000
4251,200000000
4254,200000000
4256,200000000
4259,200000000
4269,200000000
4270,200000000
4288,200000000
4292,200000000
4294,200000000
4297,200000000
4299,200000000
4307,200000000
4309,200000000
4317,200000000
4318,200000000
4321,200000000
4322,200000000
4327,200000000
4328,200000000
4334,200000000
4335,200000000
4347,200000000
4348,200000000
4349,200000000
4350,200000000
4354,200000000
4356,200000000
4360,200000000
4362,200000000
4366,200000000
4368,200000000
4370,200000000
4376,200000000
4378,200000000
4382,200000000
4391,200000000
4393,200000000
4395,200000000
4399,200000000
4401,200000000
4413,200000000
4418,200000000
4420,200000000
4424,200000000
4433,200000000
4435,200000000
4440,200000000
4442,200000000
4444,200000000
4446,200000000
4447,200000000
4450,200000000
4455,200000000
4465,200000000
4467,200000000
4468,200000000
4469,200000000
4476,200000000
4478,200000000
4481,200000000
4482,200000000
4491,200000000
4494,200000000
4495,200000000
4496,200000000
4503,200000000
4506,200000000
4508,200000000
4509,200000000
4515,200000000
4518,200000000
4519,200000000
4522,200000000
4526,200000000
4529,200000000
4530,200000000
4533,200000000
4534,200000000
4536,200000000
4537,200000000
4538,200000000
4539,200000000
4544,200000000
4547,200000000
4548,200000000
4553,200000000
4555,200000000
4556,200000000
4559,200000000
4561,200000000
4563,200000000
4570,200000000
4572,200000000
4578,200000000
4584,200000000
4586,200000000
4587,200000000
4595,200000000
4597,200000000
4599,200000000
4600,200000000
4601,200000000
4606,200000000
4630,200000000
4633,200000000
4637,200000000
4639,200000000
4642,200000000
4643,200000000
4644,200000000
4650,200000000
4651,200000000
4655,200000000
4658,200000000
4660,200000000
4667,200000000
4670,200000000
4671,200000000
4672,200000000
4673,200000000
4675,200000000
4679,200000000
4682,200000000
4688,200000000
4690,200000000
4691,200000000
4692,200000000
4700,200000000
4715,200000000
4716,200000000
4719,200000000
4725,200000000
4728,200000000
4729,200000000
4736,200000000
4739,200000000
4740,200000000
4741,200000000
4747,200000000
4751,200000000
4752,200000000
4762,200000000
4764,200000000
4765,200000000
4767,200000000
4769,200000000
4772,200000000
4774,200000000
4776,200000000
4781,200000000
4784,200000000
4785,200000000
4786,200000000
4788,200000000
4789,200000000
4794,200000000
4801,200000000
4802,200000000
4805,200000000
4806,200000000
4810,200000000
4815,200000000
4822,200000000
4824,200000000
4825,200000000
4829,200000000
4833,200000000
4839,200000000
4856,200000000
4864,200000000
4866,200000000
4887,200000000
4888,200000000
4889,200000000
4890,200000000
4891,200000000
4892,200000000
4896,200000000
4897,200000000
4898,200000000
4899,200000000
4901,200000000
4904,200000000
4909,200000000
4912,200000000
4916,200000000
4922,200000000
4923,200000000
4926,200000000
4927,200000000
4929,200000000
4930,200000000
4932,200000000
4933,200000000
4935,200000000
4940,200000000
4945,200000000
4950,200000000
4956,200000000
4962,200000000
4966,200000000
4970,200000000
4975,200000000
4981,200000000
4984,200000000
4989,200000000
4990,200000000
4993,200000000
4995,200000000
4998,200000000
5006,200000000
5008,200000000
5010,200000000
5015,200000000
5018,200000000
5019,200000000
5022,200000000
5026,200000000
5027,200000000
5028,200000000
5030,200000000
5031,200000000
5034,200000000
5041,200000000
5043,200000000
5044,200000000
5046,200000000
5048,200000000
5049,200000000
5057,200000000
5060,200000000
5062,200000000
5066,200000000
5073,200000000
5074,200000000
5082,200000000
5083,200000000
5084,200000000
5093,200000000
5095,200000000
5099,200000000
5102,200000000
5105,200000000
5108,200000000
5111,200000000
5114,200000000
5116,200000000
5123,200000000
5124,200000000
5128,200000000
5130,200000000
5132,200000000
5134,200000000
5135,200000000
5136,200000000
5143,200000000
5144,200000000
5151,200000000
5152,200000000
5157,200000000
5161,200000000
5166,200000000
5170,200000000
5173,200000000
5178,200000000
5180,200000000
5183,200000000
5192,200000000
5198,200000000
5212,200000000
5213,200000000
5219,200000000
5220,200000000
5222,200000000
5234,200000000
5238,200000000
5239,200000000
5241,200000000
5247,200000000
5251,200000000
5252,200000000
5253,200000000
5255,200000000
5256,200000000
5259,200000000
5261,200000000
5263,200000000
5264,200000000
5267,200000000
5268,200000000
5272,200000000
5274,200000000
5275,200000000
5283,200000000
5291,200000000
5294,200000000
5302,200000000
5304,200000000
5306,200000000
5316,200000000
5319,200000000
5321,200000000
5326,200000000
5327,200000000
5332,200000000
5334,200000000
5338,200000000
5339,200000000
5340,200000000
5343,200000000
5344,200000000
5352,200000000
5354,200000000
5356,200000000
5359,200000000
5360,200000000
5363,200000000
5366,200000000
5368,200000000
5370,200000000
5374,200000000
5377,200000000
5383,200000000
5384,200000000
5386,200000000
5387,200000000
5391,200000000
5393,200000000
5398,200000000
5399,200000000
5400,200000000
5403,200000000
5406,200000000
5407,200000000
5419,200000000
5424,200000000
5425,200000000
5427,200000000
5429,200000000
5440,200000000
5442,200000000
5443,200000000
5444,200000000
5448,200000000
5449,200000000
5451,200000000
5452,200000000
5455,200000000
5456,200000000
5460,200000000
5461,200000000
5468,200000000
5470,200000000
5471,200000000
5475,200000000
5476,200000000
5479,200000000
5480,200000000
5483,200000000
5485,200000000
5489,200000000
5494,200000000
5495,200000000
5497,200000000
5498,200000000
5506,200000000
5508,200000000
5513,200000000
5514,200000000
5525,200000000
5526,200000000
5532,200000000
5534,200000000
5535,200000000
5539,200000000
5543,200000000
5557,200000000
5559,200000000
5562,200000000
5564,200000000
5567,200000000
5573,200000000
5574,200000000
5575,200000000
5576,200000000
5580,200000000
5582,200000000
5584,200000000
5586,200000000
5587,200000000
5589,200000000
5594,200000000
5596,200000000
5601,200000000
5602,200000000
5610,200000000
5617,200000000
5618,200000000
5623,200000000
5626,200000000
5628,200000000
5629,200000000
5630,200000000
5631,200000000
5634,200000000
5637,200000000
5644,200000000
5645,200000000
5649,200000000
5652,200000000
5655,200000000
5657,200000000
5661,200000000
5663,200000000
5664,200000000
5668,200000000
5675,200000000
5676,200000000
5678,200000000
5679,200000000
5680,200000000
5681,200000000
5683,200000000
5685,200000000
5688,200000000
5690,200000000
5692,200000000
5694,200000000
5697,200000000
5700,200000000
5701,200000000
5703,200000000
5704,200000000
5708,200000000
5709,200000000
5713,200000000
5721,200000000
5736,200000000
5739,200000000
5743,200000000
5748,200000000
5757,200000000
5760,200000000
5764,200000000
5770,200000000
5773,200000000
5780,200000000
5786,200000000
5789,200000000
5793,200000000
5800,200000000
5801,200000000
5804,200000000
5805,200000000
5806,200000000
5810,200000000
5821,200000000
5823,200000000
5825,200000000
5832,200000000
5837,200000000
5838,200000000
5839,200000000
5841,200000000
5842,200000000
5850,200000000
5858,200000000
5862,200000000
5864,200000000
5865,200000000
5866,200000000
5869,200000000
5877,200000000
5886,200000000
5889,200000000
5890,200000000
5894,200000000
5895,200000000
5897,200000000
5900,200000000
5902,200000000
5905,200000000
5907,200000000
5912,200000000
5932,200000000
5936,200000000
5939,200000000
5942,200000000
5959,200000000
5964,200000000
5966,200000000
5968,200000000
5973,200000000
5977,200000000
5980,200000000
5982,200000000
5984,200000000
5985,200000000
5987,200000000
5991,200000000
5994,200000000
5997,200000000
5998,200000000
5999,200000000
6003,200000000
6007,200000000
6011,200000000
6014,200000000
6018,200000000
6020,200000000
6026,200000000
6028,200000000
6029,200000000
6039,200000000
6047,200000000
6050,200000000
6053,200000000
6056,200000000
6059,200000000
6061,200000000
6064,200000000
6068,200000000
6072,200000000
6075,200000000
6076,200000000
6077,200000000
6089,200000000
6093,200000000
6095,200000000
6096,200000000
6101,200000000
6103,200000000
6108,200000000
6114,200000000
6115,200000000
6120,200000000
6123,200000000
6125,200000000
6127,200000000
6129,200000000
6130,200000000
6131,200000000
6133,200000000
6135,200000000
6137,200000000
6141,200000000
6144,200000000
6147,200000000
6148,200000000
6151,200000000
6157,200000000
6158,200000000
6161,200000000
6165,200000000
6177,200000000
6178,200000000
6187,200000000
6203,200000000
6204,200000000
6209,200000000
6212,200000000
6218,200000000
6223,200000000
6226,200000000
6229,200000000
6234,200000000
6235,200000000
6238,200000000
6243,200000000
6246,200000000
6248,200000000
6252,200000000
6253,200000000
6255,200000000
6256,200000000
6258,200000000
6261,200000000
6266,200000000
6270,200000000
6272,200000000
6273,200000000
6281,200000000
6282,200000000
6285,200000000
6289,200000000
6290,200000000
6292,200000000
6293,200000000
6295,200000000
6298,200000000
6303,200000000
6305,200000000
6306,200000000
6309,200000000
6310,200000000
6313,200000000
6314,200000000
6315,200000000
6319,200000000
6320,200000000
6323,200000000
6325,200000000
6331,200000000
6334,200000000
6337,200000000
6344,200000000
6347,200000000
6348,200000000
6349,200000000
6351,200000000
6353,200000000
6357,200000000
6363,200000000
6368,200000000
6370,200000000
6379,200000000
6384,200000000
6390,200000000
6393,200000000
6396,200000000
6405,200000000
6409,200000000
6416,200000000
6424,200000000
6425,200000000
6435,200000000
6438,200000000
6439,200000000
6440,200000000
6460,200000000
6467,200000000
6471,200000000
6472,200000000
6473,200000000
6475,200000000
6477,200000000
6488,200000000
6491,200000000
6503,200000000
6510,200000000
6515,200000000
6518,200000000
6523,200000000
6525,200000000
6528,200000000
6529,200000000
6530,200000000
6531,200000000
6536,200000000
6537,200000000
6538,200000000
6539,200000000
6540,200000000
6549,200000000
6552,200000000
6553,200000000
6562,200000000
6570,200000000
6572,200000000
6574,200000000
6576,200000000
6577,200000000
6585,200000000
6586,200000000
6588,200000000
6590,200000000
6592,200000000
6595,200000000
6602,200000000
6603,200000000
6604,200000000
6608,200000000
6609,200000000
6610,200000000
6614,200000000
6617,200000000
6619,200000000
6623,200000000
6625,200000000
6628,200000000
6629,200000000
6637,200000000
6643,200000000
6652,200000000
6653,200000000
6661,200000000
6662,200000000
6670,200000000
6672,200000000
6674,200000000
6676,200000000
6678,200000000
6685,200000000
6686,200000000
6687,200000000
6689,200000000
6691,200000000
6692,200000000
6702,200000000
6703,200000000
6704,200000000
6705,200000000
6707,200000000
6713,200000000
6718,200000000
6719,200000000
6720,200000000
6725,200000000
6728,200000000
6738,200000000
6739,200000000
6741,200000000
6742,200000000
6744,200000000
6755,200000000
6758,200000000
6763,200000000
6769,200000000
6779,200000000
6781,200000000
6782,200000000
6783,200000000
6789,200000000
6799,200000000
6800,200000000
6803,200000000
6812,200000000
6813,200000000
6814,200000000
6824,200000000
6827,200000000
6831,200000000
6833,200000000
6837,200000000
6838,200000000
6841,200000000
6842,200000000
6844,200000000
6847,200000000
6848,200000000
6851,200000000
6855,200000000
6856,200000000
6861,200000000
6868,200000000
6871,200000000
6879,200000000
6881,200000000
6883,200000000
6884,200000000
6890,200000000
6893,200000000
6896,200000000
6897,200000000
6898,200000000
6899,200000000
6900,200000000
6903,200000000
6906,200000000
6913,200000000
6918,200000000
6922,200000000
6925,200000000
6926,200000000
6929,200000000
6932,200000000
6935,200000000
6938,200000000
6940,200000000
6943,200000000
6944,200000000
6948,200000000
6951,200000000
6952,200000000
6954,200000000
6955,200000000
6957,200000000
6959,200000000
6963,200000000
6966,200000000
6970,200000000
6981,200000000
6983,200000000
6985,200000000
6989,200000000
6990,200000000
7007,200000000
7012,200000000
7013,200000000
7015,200000000
7017,200000000
7021,200000000
7023,200000000
7026,200000000
7027,200000000
7028,200000000
7032,200000000
7037,200000000
7038,200000000
7042,200000000
7044,200000000
7046,200000000
7051,200000000
7053,200000000
7054,200000000
7061,200000000
7064,200000000
7069,200000000
7072,200000000
7079,200000000
7080,200000000
7083,200000000
7084,200000000
7087,200000000
7092,200000000
7096,200000000
7098,200000000
7099,200000000
7108,200000000
7120,200000000
7121,200000000
7122,200000000
7126,200000000
7128,200000000
7130,200000000
7133,200000000
7137,200000000
7141,200000000
7143,200000000
7144,200000000
7148,200000000
7149,200000000
7150,200000000
7152,200000000
7154,200000000
7156,200000000
7158,200000000
7161,200000000
7163,200000000
7165,200000000
7168,200000000
7170,200000000
7171,200000000
7172,200000000
7177,200000000
7185,200000000
7186,200000000
7191,200000000
7192,200000000
7193,200000000
7194,200000000
7196,200000000
7197,200000000
7198,200000000
7201,200000000
7207,200000000
7213,200000000
7216,200000000
7218,200000000
7220,200000000
7221,200000000
7222,200000000
7224,200000000
7228,200000000
7230,200000000
7233,200000000
7235,200000000
7237,200000000
7243,200000000
7245,200000000
7259,200000000
7260,200000000
7263,200000000
7265,200000000
7271,200000000
7273,200000000
7280,200000000
7282,200000000
7283,200000000
7286,200000000
7291,200000000
7292,200000000
7293,200000000
7294,200000000
7296,200000000
7299,200000000
7306,200000000
7307,200000000
7314,200000000
7319,200000000
7320,200000000
7321,200000000
7322,200000000
7326,200000000
7327,200000000
7332,200000000
7336,200000000
7337,200000000
7348,200000000
7350,200000000
7358,200000000
7362,200000000
7363,200000000
7366,200000000
7368,200000000
7370,200000000
7372,200000000
7373,200000000
7375,200000000
7378,200000000
7381,200000000
7384,200000000
7389,200000000
7393,200000000
7399,200000000
7403,200000000
7409,200000000
7410,200000000
7412,200000000
7414,200000000
7415,200000000
7416,200000000
7427,200000000
7450,200000000
7452,200000000
7457,200000000
7459,200000000
7460,200000000
7468,200000000
7470,200000000
7474,200000000
7476,200000000
7480,200000000
7483,200000000
7486,200000000
7487,200000000
7490,200000000
7492,200000000
7494,200000000
7504,200000000
7508,200000000
7510,200000000
7514,200000000
7519,200000000
7523,200000000
7528,200000000
7530,200000000
7531,200000000
7535,200000000
7544,200000000
7548,200000000
7553,200000000
7554,200000000
7556,200000000
7561,200000000
7566,200000000
7570,200000000
7580,200000000
7585,200000000
7587,200000000
7589,200000000
7597,200000000
7598,200000000
7599,200000000
7616,200000000
7620,200000000
7623,200000000
7625,200000000
7627,200000000
7629,200000000
7630,200000000
7632,200000000
7635,200000000
7637,200000000
7638,200000000
7641,200000000
7642,200000000
7644,200000000
7646,200000000
7651,200000000
7654,200000000
7662,200000000
7663,200000000
7667,200000000
7672,200000000
7674,200000000
7675,200000000
7677,200000000
7679,200000000
7682,200000000
7684,200000000
7688,200000000
7689,200000000
7691,200000000
7693,200000000
7697,200000000
7698,200000000
7699,200000000
7714,200000000
7719,200000000
7727,200000000
7730,200000000
7739,200000000
7743,200000000
7747,200000000
7754,200000000
7755,200000000
7756,200000000
7761,200000000
7764,200000000
7767,200000000
7771,200000000
7772,200000000
7774,200000000
7777,200000000
7778,200000000
7786,200000000
7790,200000000
7792,200000000
7793,200000000
7800,200000000
7807,200000000
7808,200000000
7811,200000000
7812,200000000
7813,200000000
7815,200000000
7819,200000000
7820,200000000
7822,200000000
7824,200000000
7825,200000000
7826,200000000
7831,200000000
7833,200000000
7834,200000000
7836,200000000
7841,200000000
7842,200000000
7845,200000000
7847,200000000
7854,200000000
7870,200000000
7876,200000000
7878,200000000
7885,200000000
7886,200000000
7887,200000000
7889,200000000
7891,200000000
7894,200000000
7902,200000000
7907,200000000
7913,200000000
7916,200000000
7917,200000000
7931,200000000
7935,200000000
7939,200000000
7945,200000000
7960,200000000
7961,200000000
7966,200000000
7969,200000000
7973,200000000
7978,200000000
7985,200000000
7986,200000000
7988,200000000
7990,200000000
7992,200000000
7994,200000000
7997,200000000
8000,200000000
8003,200000000
8004,200000000
8007,200000000
8010,200000000
8011,200000000
8012,200000000
8013,200000000
8022,200000000
8025,200000000
8035,200000000
8036,200000000
8037,200000000
8038,200000000
8044,200000000
8047,200000000
8048,200000000
8049,200000000
8054,200000000
8058,200000000
8060,200000000
8061,200000000
8066,200000000
8072,200000000
8079,200000000
8082,200000000
8087,200000000
8093,200000000
8096,200000000
8098,200000000
8100,200000000
8103,200000000
8106,200000000
8107,200000000
8109,200000000
8112,200000000
8113,200000000
8115,200000000
8116,200000000
8118,200000000
8122,200000000
8123,200000000
8130,200000000
8135,200000000
8138,200000000
8146,200000000
8155,200000000
8163,200000000
8166,200000000
8169,200000000
8170,200000000
8172,200000000
8181,200000000
8184,200000000
8188,200000000
8194,200000000
8196,200000000
8197,200000000
8199,200000000
8201,200000000
8202,200000000
8205,200000000
8206,200000000
8211,200000000
8212,200000000
8216,200000000
8219,200000000
8223,200000000
8224,200000000
8225,200000000
8226,200000000
8227,200000000
8236,200000000
8239,200000000
8240,200000000
8250,200000000
8252,200000000
8254,200000000
8262,200000000
8264,200000000
8271,200000000
8273,200000000
8277,200000000
8279,200000000
8283,200000000
8288,200000000
8291,200000000
8293,200000000
8294,200000000
8296,200000000
8297,200000000
8300,200000000
8301,200000000
8306,200000000
8307,200000000
8319,200000000
8333,200000000
8334,200000000
8336,200000000
8340,200000000
8342,200000000
8343,200000000
8344,200000000
8349,200000000
8351,200000000
8354,200000000
8359,200000000
8363,200000000
8367,200000000
8372,200000000
8378,200000000
8379,200000000
8382,200000000
8385,200000000
8386,200000000
8392,200000000
8394,200000000
8404,200000000
8405,200000000
8408,200000000
8411,200000000
8414,200000000
8417,200000000
8434,200000000
8438,200000000
8444,200000000
8446,200000000
8447,200000000
8450,200000000
8453,200000000
8454,200000000
8455,200000000
8456,200000000
8458,200000000
8459,200000000
8460,200000000
8461,200000000
8463,200000000
8481,200000000
8483,200000000
8487,200000000
8488,200000000
8492,200000000
8494,200000000
8495,200000000
8498,200000000
8499,200000000
8500,200000000
8509,200000000
8511,200000000
8512,200000000
8515,200000000
8519,200000000
8522,200000000
8523,200000000
8526,200000000
8530,200000000
8532,200000000
8534,200000000
8535,200000000
8537,200000000
8545,200000000
8555,200000000
8556,200000000
8557,200000000
8558,200000000
8559,200000000
8560,200000000
8565,200000000
8574,200000000
8575,200000000
8577,200000000
8585,200000000
8591,200000000
8593,200000000
8595,200000000
8596,200000000
8600,200000000
8604,200000000
8606,200000000
8611,200000000
8613,200000000
8614,200000000
8617,200000000
8619,200000000
8620,200000000
8623,200000000
8627,200000000
8628,200000000
8630,200000000
8631,200000000
8637,200000000
8638,200000000
8640,200000000
8643,200000000
8654,200000000
8656,200000000
8659,200000000
8660,200000000
8663,200000000
8667,200000000
8670,200000000
8675,200000000
8677,200000000
8683,200000000
8684,200000000
8685,200000000
8687,200000000
8691,200000000
8696,200000000
8697,200000000
8701,200000000
8702,200000000
8706,200000000
8707,200000000
8711,200000000
8714,200000000
8715,200000000
8716,200000000
8720,200000000
8721,200000000
8723,200000000
8729,200000000
8733,200000000
8735,200000000
8737,200000000
8741,200000000
8745,200000000
8748,200000000
8749,200000000
8752,200000000
8755,200000000
8759,200000000
8760,200000000
8763,200000000
8764,200000000
8765,200000000
8768,200000000
8772,200000000
8775,200000000
8777,200000000
8785,200000000
8786,200000000
8794,200000000
8802,200000000
8806,200000000
8809,200000000
8815,200000000
8816,200000000
8817,200000000
8819,200000000
8821,200000000
8823,200000000
8824,200000000
8827,200000000
8828,200000000
8830,200000000
8835,200000000
8837,200000000
8840,200000000
8842,200000000
8849,200000000
8852,200000000
8854,200000000
8859,200000000
8860,200000000
8866,200000000
8867,200000000
8873,200000000
8874,200000000
8877,200000000
8878,200000000
8881,200000000
8882,200000000
8883,200000000
8894,200000000
8895,200000000
8897,200000000
8903,200000000
8904,200000000
8905,200000000
8906,200000000
8907,200000000
8917,200000000
8923,200000000
8924,200000000
8925,200000000
8928,200000000
8929,200000000
8931,200000000
8938,200000000
8941,200000000
8943,200000000
8944,200000000
8945,200000000
8946,200000000
8950,200000000
8951,200000000
8952,200000000
8953,200000000
8956,200000000
8957,200000000
8958,200000000
8960,200000000
8962,200000000
8964,200000000
8974,200000000
8976,200000000
8978,200000000
8980,200000000
8986,200000000
8988,200000000
8989,200000000
8992,200000000
8993,200000000
8995,200000000
8998,200000000
9003,200000000
9005,200000000
9006,200000000
9007,200000000
9008,200000000
9012,200000000
9013,200000000
9014,200000000
9016,200000000
9018,200000000
9022,200000000
9024,200000000
9026,200000000
9027,200000000
9029,200000000
9030,200000000
9032,200000000
9037,200000000
9038,200000000
9039,200000000
9055,200000000
9057,200000000
9069,200000000
9070,200000000
9072,200000000
9080,200000000
9086,200000000
9087,200000000
9091,200000000
9092,200000000
9093,200000000
9098,200000000
9104,200000000
9105,200000000
9106,200000000
9112,200000000
9113,200000000
9114,200000000
9121,200000000
9125,200000000
9131,200000000
9135,200000000
9137,200000000
9142,200000000
9148,200000000
9153,200000000
9156,200000000
9157,200000000
9158,200000000
9164,200000000
9168,200000000
9169,200000000
9171,200000000
9173,200000000
9175,200000000
9176,200000000
9177,200000000
9179,200000000
9185,200000000
9188,200000000
9197,200000000
9198,200000000
9208,200000000
9210,200000000
9211,200000000
9220,200000000
9221,200000000
9226,200000000
9227,200000000
9228,200000000
9232,200000000
9233,200000000
9236,200000000
9237,200000000
9243,200000000
9251,200000000
9259,200000000
9263,200000000
9265,200000000
9268,200000000
9269,200000000
9273,200000000
9274,200000000
9275,200000000
9278,200000000
9281,200000000
9284,200000000
9285,200000000
9289,200000000
9290,200000000
9295,200000000
9298,200000000
9304,200000000
9305,200000000
9307,200000000
9310,200000000
9312,200000000
9320,200000000
9321,200000000
9327,200000000
9329,200000000
9332,200000000
9342,200000000
9344,200000000
9349,200000000
9352,200000000
9354,200000000
9359,200000000
9362,200000000
9366,200000000
9370,200000000
9373,200000000
9379,200000000
9384,200000000
9385,200000000
9387,200000000
9389,200000000
9390,200000000
9400,200000000
9402,200000000
9403,200000000
9404,200000000
9412,200000000
9422,200000000
9423,200000000
9424,200000000
9425,200000000
9429,200000000
9432,200000000
9437,200000000
9441,200000000
9442,200000000
9448,200000000
9453,200000000
9462,200000000
9463,200000000
9464,200000000
9469,200000000
9471,200000000
9476,200000000
9485,200000000
9486,200000000
9487,200000000
9488,200000000
9489,200000000
9490,200000000
9491,200000000
9497,200000000
9501,200000000
9504,200000000
9505,200000000
9512,200000000
9513,200000000
9517,200000000
9518,200000000
9519,200000000
9523,200000000
9526,200000000
9531,200000000
9536,200000000
9537,200000000
9538,200000000
9540,200000000
9550,200000000
9551,200000000
9552,200000000
9557,200000000
9560,200000000
9561,200000000
9562,200000000
9568,200000000
9570,200000000
9573,200000000
9574,200000000
9575,200000000
9577,200000000
9580,200000000
9589,200000000
9592,200000000
9593,200000000
9595,200000000
9597,200000000
9599,200000000
9600,200000000
9603,200000000
9609,200000000
9615,200000000
9616,200000000
9617,200000000
9624,200000000
9639,200000000
9640,200000000
9641,200000000
9646,200000000
9647,200000000
9648,200000000
9654,200000000
9656,200000000
9660,200000000
9663,200000000
9666,200000000
9673,200000000
9676,200000000
9679,200000000
9682,200000000
9685,200000000
9688,200000000
9691,200000000
9692,200000000
9693,200000000
9696,200000000
9698,200000000
9702,200000000
9703,200000000
9706,200000000
9715,200000000
9717,200000000
9719,200000000
9720,200000000
9721,200000000
9722,200000000
9726,200000000
9728,200000000
9730,200000000
9738,200000000
9747,200000000
9752,200000000
9754,200000000
9755,200000000
9757,200000000
9765,200000000
9768,200000000
9773,200000000
9776,200000000
9780,200000000
9783,200000000
9785,200000000
9786,200000000
9791,200000000
9792,200000000
9793,200000000
9794,200000000
9795,200000000
9798,200000000
9804,200000000
9809,200000000
9812,200000000
9817,200000000
9819,200000000
9827,200000000
9832,200000000
9834,200000000
9835,200000000
9840,200000000
9847,200000000
9851,200000000
9856,200000000
9857,200000000
9859,200000000
9872,200000000
9875,200000000
9879,200000000
9881,200000000
9886,200000000
9895,200000000
9897,200000000
9902,200000000
9909,200000000
9912,200000000
9916,200000000
9920,200000000
9922,200000000
9924,200000000
9925,200000000
9926,200000000
9932,200000000
9935,200000000
9937,200000000
9938,200000000
9944,200000000
9947,200000000
9951,200000000
9957,200000000
9958,200000000
9961,200000000
9962,200000000
9963,200000000
9964,200000000
9967,200000000
9970,200000000
9971,200000000
9972,200000000
9975,200000000
9978,200000000
9985,200000000
9986,200000000
9988,200000000
9990,200000000
9995,200000000
9996,200000000
9998,200000000
9999,200000000
10002,200000000
10003,200000000
10010,200000000
10013,200000000
10016,200000000
10021,200000000
10024,200000000
10025,200000000
10026,200000000
10031,200000000
10032,200000000
10037,200000000
10040,200000000
10041,200000000
10045,200000000
10050,200000000
10051,200000000
10052,200000000
10053,200000000
10060,200000000
10061,200000000
10064,200000000
10065,200000000
10076,200000000
10078,200000000
10086,200000000
10087,200000000
10097,200000000
10102,200000000
10106,200000000
10112,200000000
10114,200000000
10115,200000000
10117,200000000
10118,200000000
10120,200000000
10128,200000000
10132,200000000
10133,200000000
10136,200000000
10142,200000000
10143,200000000
10145,200000000
10148,200000000
10149,200000000
10151,200000000
10160,200000000
10168,200000000
10169,200000000
10174,200000000
10179,200000000
10182,200000000
10188,200000000
10189,200000000
10190,200000000
10191,200000000
10198,200000000
10203,200000000
10208,200000000
10215,200000000
10216,200000000
10224,200000000
10225,200000000
10226,200000000
10227,200000000
10230,200000000
10231,200000000
10234,200000000
10235,200000000
10238,200000000
10242,200000000
10243,200000000
10245,200000000
10248,200000000
10251,200000000
10252,200000000
10253,200000000
10269,200000000
10270,200000000
10272,200000000
10274,200000000
10275,200000000
10276,200000000
10279,200000000
10283,200000000
10284,200000000
10285,200000000
10287,200000000
10288,200000000
10291,200000000
10292,200000000
10293,200000000
10311,200000000
10316,200000000
10318,200000000
10320,200000000
10321,200000000
10325,200000000
10327,200000000
10330,200000000
10333,200000000
10336,200000000
10338,200000000
10339,200000000
10342,200000000
10343,200000000
10349,200000000
10350,200000000
10352,200000000
10353,200000000
10358,200000000
10362,200000000
10364,200000000
10367,200000000
10370,200000000
10375,200000000
10376,200000000
10381,200000000
10388,200000000
10389,200000000
10394,200000000
10398,200000000
10405,200000000
10413,200000000
10415,200000000
10416,200000000
10432,200000000
10436,200000000
10437,200000000
10441,200000000
10444,200000000
10450,200000000
10451,200000000
10456,200000000
10457,200000000
10464,200000000
10465,200000000
10466,200000000
10470,200000000
10474,200000000
10475,200000000
10476,200000000
10480,200000000
10481,200000000
10484,200000000
10485,200000000
10489,200000000
10491,200000000
10492,200000000
10494,200000000
10498,200000000
10502,200000000
10506,200000000
10507,200000000
10514,200000000
10517,200000000
10524,200000000
10526,200000000
10527,200000000
10535,200000000
10542,200000000
10546,200000000
10548,200000000
10549,200000000
10551,200000000
10560,200000000
10566,200000000
10567,200000000
10568,200000000
10574,200000000
10576,200000000
10580,200000000
10582,200000000
10589,200000000
10590,200000000
10592,200000000
10593,200000000
10597,200000000
10599,200000000
10602,200000000
10607,200000000
10618,200000000
10619,200000000
10622,200000000
10625,200000000
10626,200000000
10627,200000000
10628,200000000
10629,200000000
10632,200000000
10633,200000000
10634,200000000
10635,200000000
10636,200000000
10647,200000000
10649,200000000
10657,200000000
10660,200000000
10661,200000000
10662,200000000
10670,200000000
10671,200000000
10674,200000000
10676,200000000
10678,200000000
10679,200000000
10681,200000000
10682,200000000
10683,200000000
10688,200000000
10696,200000000
10700,200000000
10706,200000000
10712,200000000
10713,200000000
10715,200000000
10723,200000000
10724,200000000
10725,200000000
10728,200000000
10732,200000000
10733,200000000
10734,200000000
10735,200000000
10737,200000000
10740,200000000
10744,200000000
10747,200000000
10748,200000000
10750,200000000
10755,200000000
10756,200000000
10759,200000000
10760,200000000
10766,200000000
10768,200000000
10777,200000000
10778,200000000
10781,200000000
10784,200000000
10785,200000000
10788,200000000
10789,200000000
10790,200000000
10793,200000000
10795,200000000
10798,200000000
10802,200000000
10804,200000000
10805,200000000
10806,200000000
10807,200000000
10808,200000000
10810,200000000
10812,200000000
10813,200000000
10817,200000000
10827,200000000
10832,200000000
10838,200000000
10841,200000000
10842,200000000
10844,200000000
10845,200000000
10847,200000000
10850,200000000
10852,200000000
10854,200000000
10855,200000000
10858,200000000
10861,200000000
10865,200000000
10876,200000000
10878,200000000
10885,200000000
10887,200000000
10893,200000000
10895,200000000
10898,200000000
10900,200000000
10916,200000000
10919,200000000
10921,200000000
10927,200000000
10928,200000000
10932,200000000
10935,200000000
10936,200000000
10939,200000000
10941,200000000
10942,200000000
10944,200000000
10945,200000000
10954,200000000
10962,200000000
10973,200000000
10975,200000000
10976,200000000
10978,200000000
10981,200000000
10982,200000000
10984,200000000
10986,200000000
10987,200000000
10988,200000000
10990,200000000
10991,200000000
10993,200000000
10995,200000000
10999,200000000
11000,200000000
11001,200000000
11012,200000000
11014,200000000
11019,200000000
11024,200000000
11026,200000000
11030,200000000
11034,200000000
11037,200000000
11048,200000000
11050,200000000
11051,200000000
11054,200000000
11055,200000000
11059,200000000
11066,200000000
11067,200000000
11069,200000000
11072,200000000
11075,200000000
11078,200000000
11080,200000000
11090,200000000
11097,200000000
11098,200000000
11101,200000000
11105,200000000
11107,200000000
11112,200000000
11118,200000000
11119,200000000
11128,200000000
11130,200000000
11131,200000000
11134,200000000
11135,200000000
11138,200000000
11144,200000000
11145,200000000
11152,200000000
11154,200000000
11156,200000000
11160,200000000
11163,200000000
11171,200000000
11173,200000000
11174,200000000
11175,200000000
11181,200000000
11183,200000000
11189,200000000
11190,200000000
11192,200000000
11193,200000000
11194,200000000
11197,200000000
11202,200000000
11204,200000000
11209,200000000
11213,200000000
11216,200000000
11217,200000000
11219,200000000
11222,200000000
11229,200000000
11231,200000000
11232,200000000
11241,200000000
11246,200000000
11248,200000000
11249,200000000
11250,200000000
11251,200000000
11253,200000000
11254,200000000
11255,200000000
11256,200000000
11258,200000000
11262,200000000
11265,200000000
11266,200000000
11268,200000000
11270,200000000
11272,200000000
11273,200000000
11280,200000000
11281,200000000
11283,200000000
11288,200000000
11289,200000000
11290,200000000
11293,200000000
11294,200000000
11300,200000000
11304,200000000
11305,200000000
11311,200000000
11315,200000000
11317,200000000
11318,200000000
11324,200000000
11331,200000000
11333,200000000
11334,200000000
11338,200000000
11351,200000000
11355,200000000
11356,200000000
11358,200000000
11365,200000000
11366,200000000
11367,200000000
11372,200000000
11374,200000000
11380,200000000
11387,200000000
11388,200000000
11389,200000000
11393,200000000
11407,200000000
11411,200000000
11413,200000000
11418,200000000
11425,200000000
11427,200000000
11431,200000000
11433,200000000
11434,200000000
11437,200000000
11438,200000000
11439,200000000
11440,200000000
11441,200000000
11444,200000000
11445,200000000
11450,200000000
11452,200000000
11457,200000000
11460,200000000
11466,200000000
11469,200000000
11470,200000000
11477,200000000
11485,200000000
11486,200000000
11488,200000000
11500,200000000
11507,200000000
11508,200000000
11515,200000000
11517,200000000
11518,200000000
11521,200000000
11522,200000000
11523,200000000
11524,200000000
11525,200000000
11530,200000000
11535,200000000
11536,200000000
11537,200000000
11538,200000000
11539,200000000
11545,200000000
11546,200000000
11547,200000000
11548,200000000
11559,200000000
11562,200000000
11565,200000000
11567,200000000
11570,200000000
11574,200000000
11576,200000000
11577,200000000
11586,200000000
11589,200000000
11604,200000000
11610,200000000
11614,200000000
11616,200000000
11618,200000000
11624,200000000
11626,200000000
11628,200000000
11630,200000000
11633,200000000
11635,200000000
11649,200000000
11653,200000000
11655,200000000
11656,200000000
11659,200000000
11661,200000000
11663,200000000
11665,200000000
11667,200000000
11668,200000000
11671,200000000
11673,200000000
11677,200000000
11681,200000000
11682,200000000
11692,200000000
11693,200000000
11696,200000000
11698,200000000
11700,200000000
11704,200000000
11705,200000000
11709,200000000
11710,200000000
11721,200000000
11723,200000000
11726,200000000
11731,200000000
11738,200000000
11739,200000000
11742,200000000
11743,200000000
11744,200000000
11748,200000000
11750,200000000
11752,200000000
11760,200000000
11763,200000000
11765,200000000
11766,200000000
11769,200000000
11771,200000000
11772,200000000
11774,200000000
11776,200000000
11778,200000000
11783,200000000
11784,200000000
11786,200000000
11787,200000000
11788,200000000
11791,200000000
11797,200000000
11798,200000000
11799,200000000
11805,200000000
11814,200000000
11821,200000000
11824,200000000
11835,200000000
11838,200000000
11850,200000000
11854,200000000
11856,200000000
11858,200000000
11859,200000000
11864,200000000
11866,200000000
11870,200000000
11875,200000000
11877,200000000
11884,200000000
11885,200000000
11886,200000000
11887,200000000
11892,200000000
11899,200000000
11902,200000000
11903,200000000
11906,200000000
11909,200000000
11914,200000000
11915,200000000
11919,200000000
11921,200000000
11926,200000000
11928,200000000
11929,200000000
11930,200000000
11932,200000000
11941,200000000
11943,200000000
11946,200000000
11950,200000000
11951,200000000
11956,200000000
11958,200000000
11959,200000000
11960,200000000
11964,200000000
11966,200000000
11971,200000000
11972,200000000
11975,200000000
11979,200000000
11984,200000000
11986,200000000
11992,200000000
11996,200000000
12006,200000000
12009,200000000
12011,200000000
12012,200000000
12014,200000000
12015,200000000
12020,200000000
12024,200000000
12028,200000000
12034,200000000
12035,200000000
12037,200000000
12039,200000000
12041,200000000
12043,200000000
12046,200000000
12050,200000000
12061,200000000
12067,200000000
12069,200000000
12072,200000000
12073,200000000
12076,200000000
12077,200000000
12081,200000000
12085,200000000
12086,200000000
12089,200000000
12094,200000000
12095,200000000
12096,200000000
12103,200000000
12106,200000000
12107,200000000
12110,200000000
12111,200000000
12112,200000000
12113,200000000
12115,200000000
12118,200000000
12120,200000000
12123,200000000
12127,200000000
12142,200000000
12144,200000000
12145,200000000
12147,200000000
12149,200000000
12150,200000000
12154,200000000
12155,200000000
12158,200000000
12162,200000000
12171,200000000
12176,200000000
12177,200000000
12180,200000000
12181,200000000
12183,200000000
12187,200000000
12196,200000000
12199,200000000
12205,200000000
12207,200000000
12214,200000000
12216,200000000
12221,200000000
12225,200000000
12227,200000000
12228,200000000
12238,200000000
12239,200000000
12240,200000000
12242,200000000
12245,200000000
12250,200000000
12252,200000000
12257,200000000
12260,200000000
12261,200000000
12262,200000000
12263,200000000
12264,200000000
12265,200000000
12270,200000000
12271,200000000
12275,200000000
12278,200000000
12280,200000000
12292,200000000
12295,200000000
12299,200000000
12301,200000000
12303,200000000
12307,200000000
12308,200000000
12310,200000000
12312,200000000
12315,200000000
12320,200000000
12328,200000000
12329,200000000
12335,200000000
12342,200000000
12345,200000000
12348,200000000
12349,200000000
12350,200000000
12352,200000000
12356,200000000
12360,200000000
12362,200000000
12367,200000000
12368,200000000
12375,200000000
12376,200000000
12377,200000000
12404,200000000
12406,200000000
12415,200000000
12416,200000000
12417,200000000
12419,200000000
12420,200000000
12424,200000000
12426,200000000
12428,200000000
12430,200000000
12433,200000000
12435,200000000
12447,200000000
12450,200000000
12452,200000000
12464,200000000
12465,200000000
12468,200000000
12472,200000000
12482,200000000
12484,200000000
12485,200000000
12487,200000000
12492,200000000
12494,200000000
12496,200000000
12498,200000000
12499,200000000
12500,200000000
12503,200000000
12507,200000000
12510,200000000
12516,200000000
12522,200000000
12524,200000000
12532,200000000
12538,200000000
12540,200000000
12541,200000000
12554,200000000
12555,200000000
12557,200000000
12558,200000000
12560,200000000
12561,200000000
12564,200000000
12566,200000000
12568,200000000
12573,200000000
12575,200000000
12580,200000000
12587,200000000
12588,200000000
12590,200000000
12592,200000000
12596,200000000
12598,200000000
12599,200000000
12600,200000000
12609,200000000
12614,200000000
12615,200000000
12617,200000000
12627,200000000
12628,200000000
12630,200000000
12633,200000000
12639,200000000
12648,200000000
12652,200000000
12654,200000000
12656,200000000
12657,200000000
12658,200000000
12663,200000000
12670,200000000
12672,200000000
12676,200000000
12678,200000000
12681,200000000
12683,200000000
12684,200000000
12689,200000000
12693,200000000
12694,200000000
12700,200000000
12702,200000000
12711,200000000
12717,200000000
12718,200000000
12720,200000000
12721,200000000
12724,200000000
12726,200000000
12727,200000000
12730,200000000
12733,200000000
12735,200000000
12740,200000000
12741,200000000
12747,200000000
12757,200000000
12759,200000000
12767,200000000
12775,200000000
12780,200000000
12781,200000000
12785,200000000
12787,200000000
12790,200000000
12797,200000000
12798,200000000
12806,200000000
12808,200000000
12811,200000000
12815,200000000
12816,200000000
12819,200000000
12820,200000000
12828,200000000
12830,200000000
12831,200000000
12832,200000000
12840,200000000
12841,200000000
12843,200000000
12851,200000000
12852,200000000
12854,200000000
12856,200000000
12859,200000000
12862,200000000
12868,200000000
12874,200000000
12877,200000000
12882,200000000
12883,200000000
12886,200000000
12887,200000000
12889,200000000
12890,200000000
12895,200000000
12904,200000000
12905,200000000
12906,200000000
12908,200000000
12910,200000000
12915,200000000
12916,200000000
12918,200000000
12919,200000000
12920,200000000
12921,200000000
12922,200000000
12924,200000000
12925,200000000
12926,200000000
12936,200000000
12937,200000000
12942,200000000
12943,200000000
12945,200000000
12948,200000000
12949,200000000
12955,200000000
12960,200000000
12963,200000000
12964,200000000
12983,200000000
12993,200000000
12994,200000000
12996,200000000
12997,200000000
13002,200000000
13005,200000000
13007,200000000
13011,200000000
13014,200000000
13018,200000000
13020,200000000
13021,200000000
13022,200000000
13028,200000000
13029,200000000
13038,200000000
13039,200000000
13043,200000000
13044,200000000
13045,200000000
13046,200000000
13047,200000000
13056,200000000
13066,200000000
13076,200000000
13079,200000000
13080,200000000
13088,200000000
13089,200000000
13090,200000000
13091,200000000
13096,200000000
13097,200000000
13100,200000000
13101,200000000
13102,200000000
13104,200000000
13106,200000000
13112,200000000
13113,200000000
13114,200000000
13118,200000000
13121,200000000
13127,200000000
13130,200000000
13135,200000000
13137,200000000
13138,200000000
13141,200000000
13142,200000000
13144,200000000
13146,200000000
13148,200000000
13151,200000000
13161,200000000
13165,200000000
13168,200000000
13172,200000000
13173,200000000
13180,200000000
13181,200000000
13183,200000000
13190,200000000
13197,200000000
13203,200000000
13207,200000000
13212,200000000
13215,200000000
13216,200000000
13217,200000000
13223,200000000
13224,200000000
13226,200000000
13231,200000000
13232,200000000
13234,200000000
13236,200000000
13242,200000000
13246,200000000
13248,200000000
13253,200000000
13255,200000000
13256,200000000
13257,200000000
13267,200000000
13269,200000000
13270,200000000
13271,200000000
13273,200000000
13275,200000000
13279,200000000
13280,200000000
13285,200000000
13287,200000000
13293,200000000
13294,200000000
13295,200000000
13299,200000000
13300,200000000
13303,200000000
13304,200000000
13308,200000000
13309,200000000
13311,200000000
13316,200000000
13317,200000000
13326,200000000
13330,200000000
13336,200000000
13339,200000000
13343,200000000
13352,200000000
13358,200000000
13362,200000000
13366,200000000
13373,200000000
13374,200000000
13375,200000000
13379,200000000
13380,200000000
13381,200000000
13385,200000000
13387,200000000
13391,200000000
13393,200000000
13396,200000000
13398,200000000
13402,200000000
13403,200000000
13416,200000000
13423,200000000
13424,200000000
13431,200000000
13433,200000000
13443,200000000
13446,200000000
13448,200000000
13452,200000000
13454,200000000
13456,200000000
13464,200000000
13470,200000000
13472,200000000
13473,200000000
13474,200000000
13480,200000000
13482,200000000
13483,200000000
13489,200000000
13490,200000000
13491,200000000
13492,200000000
13499,200000000
13501,200000000
13506,200000000
13510,200000000
13513,200000000
13514,200000000
13516,200000000
13517,200000000
13518,200000000
13519,200000000
13520,200000000
13521,200000000
13526,200000000
13527,200000000
13539,200000000
13553,200000000
13556,200000000
13568,200000000
13572,200000000
13575,200000000
13578,200000000
13580,200000000
13581,200000000
13583,200000000
13586,200000000
13596,200000000
13598,200000000
13599,200000000
13601,200000000
13603,200000000
13605,200000000
13612,200000000
13614,200000000
13618,200000000
13621,200000000
13626,200000000
13632,200000000
13634,200000000
13637,200000000
13638,200000000
13640,200000000
13641,200000000
13643,200000000
13647,200000000
13650,200000000
13654,200000000
13655,200000000
13656,200000000
13658,200000000
13660,200000000
13667,200000000
13670,200000000
13672,200000000
13674,200000000
13677,200000000
13681,200000000
13682,200000000
13683,200000000
13686,200000000
13687,200000000
13688,200000000
13707,200000000
13715,200000000
13719,200000000
13724,200000000
13725,200000000
13728,200000000
13729,200000000
13731,200000000
13735,200000000
13740,200000000
13741,200000000
13743,200000000
13756,200000000
13757,200000000
13759,200000000
13760,200000000
13761,200000000
13762,200000000
13763,200000000
13769,200000000
13771,200000000
13772,200000000
13775,200000000
13776,200000000
13779,200000000
13790,200000000
13794,200000000
13795,200000000
13797,200000000
13798,200000000
13801,200000000
13802,200000000
13807,200000000
13812,200000000
13820,200000000
13824,200000000
13826,200000000
13835,200000000
13838,200000000
13844,200000000
13846,200000000
13851,200000000
13853,200000000
13856,200000000
13864,200000000
13866,200000000
13869,200000000
13870,200000000
13871,200000000
13873,200000000
13879,200000000
13880,200000000
13881,200000000
13887,200000000
13888,200000000
13891,200000000
13894,200000000
13897,200000000
13899,200000000
13900,200000000
13905,200000000
13906,200000000
13907,200000000
13909,200000000
13910,200000000
13911,200000000
13913,200000000
13916,200000000
13918,200000000
13919,200000000
13920,200000000
13925,200000000
13931,200000000
13937,200000000
13938,200000000
13940,200000000
13942,200000000
13945,200000000
13946,200000000
13948,200000000
13953,200000000
13956,200000000
13960,200000000
13962,200000000
13964,200000000
13965,200000000
13973,200000000
13988,200000000
13989,200000000
13991,200000000
13996,200000000
14000,200000000
14002,200000000
14004,200000000
14007,200000000
14009,200000000
14017,200000000
14021,200000000
14030,200000000
14031,200000000
14032,200000000
14037,200000000
14039,200000000
14042,200000000
14044,200000000
14046,200000000
14051,200000000
14052,200000000
14056,200000000
14062,200000000
14064,200000000
14069,200000000
14072,200000000
14077,200000000
14082,200000000
14085,200000000
14087,200000000
14090,200000000
14093,200000000
14105,200000000
14112,200000000
14113,200000000
14119,200000000
14123,200000000
14127,200000000
14129,200000000
14136,200000000
14140,200000000
14146,200000000
14148,200000000
14151,200000000
14158,200000000
14165,200000000
14173,200000000
14174,200000000
14178,200000000
14180,200000000
14185,200000000
14186,200000000
14190,200000000
14191,200000000
14192,200000000
14196,200000000
14201,200000000
14208,200000000
14209,200000000
14212,200000000
14213,200000000
14218,200000000
14221,200000000
14222,200000000
14227,200000000
14231,200000000
14233,200000000
14238,200000000
14248,200000000
14250,200000000
14251,200000000
14254,200000000
14255,200000000
14259,200000000
14267,200000000
14268,200000000
14269,200000000
14276,200000000
14280,200000000
14283,200000000
14285,200000000
14287,200000000
14291,200000000
14293,200000000
14303,200000000
14305,200000000
14306,200000000
14310,200000000
14312,200000000
14314,200000000
14317,200000000
14319,200000000
14320,200000000
14321,200000000
14322,200000000
14323,200000000
14328,200000000
14339,200000000
14352,200000000
14359,200000000
14364,200000000
14369,200000000
14371,200000000
14378,200000000
14386,200000000
14388,200000000
14391,200000000
14392,200000000
14396,200000000
14399,200000000
14400,200000000
14401,200000000
14402,200000000
14405,200000000
14406,200000000
14407,200000000
14409,200000000
14412,200000000
14417,200000000
14420,200000000
14424,200000000
14428,200000000
14429,200000000
14432,200000000
14436,200000000
14447,200000000
14458,200000000
14466,200000000
14467,200000000
14472,200000000
14476,200000000
14477,200000000
14479,200000000
14482,200000000
14483,200000000
14486,200000000
14488,200000000
14490,200000000
14491,200000000
14493,200000000
14494,200000000
14495,200000000
14497,200000000
14498,200000000
14501,200000000
14502,200000000
14503,200000000
14505,200000000
14506,200000000
14507,200000000
14511,200000000
14513,200000000
14516,200000000
14521,200000000
14530,200000000
14533,200000000
14534,200000000
14538,200000000
14539,200000000
14540,200000000
14541,200000000
14545,200000000
14547,200000000
14550,200000000
14552,200000000
14556,200000000
14557,200000000
14558,200000000
14559,200000000
14560,200000000
14561,200000000
14563,200000000
14566,200000000
14569,200000000
14571,200000000
14572,200000000
14575,200000000
14584,200000000
14589,200000000
14592,200000000
14597,200000000
14599,200000000
14601,200000000
14614,200000000
14616,200000000
14620,200000000
14621,200000000
14625,200000000
14629,200000000
14631,200000000
14633,200000000
14634,200000000
14638,200000000
14639,200000000
14644,200000000
14649,200000000
14651,200000000
14652,200000000
14656,200000000
14661,200000000
14663,200000000
14664,200000000
14668,200000000
14669,200000000
14670,200000000
14671,200000000
14673,200000000
14674,200000000
14675,200000000
14679,200000000
14681,200000000
14682,200000000
14683,200000000
14685,200000000
14692,200000000
14694,200000000
14696,200000000
14700,200000000
14703,200000000
14706,200000000
14708,200000000
14710,200000000
14713,200000000
14714,200000000
14716,200000000
14719,200000000
14725,200000000
14728,200000000
14733,200000000
14734,200000000
14746,200000000
14749,200000000
14750,200000000
14754,200000000
14756,200000000
14757,200000000
14759,200000000
14761,200000000
14765,200000000
14766,200000000
14771,200000000
14773,200000000
14776,200000000
14786,200000000
14792,200000000
14800,200000000
14802,200000000
14805,200000000
14807,200000000
14810,200000000
14813,200000000
14823,200000000
14825,200000000
14826,200000000
14828,200000000
14831,200000000
14837,200000000
14840,200000000
14842,200000000
14848,200000000
14850,200000000
14852,200000000
14855,200000000
14856,200000000
14863,200000000
14864,200000000
14867,200000000
14868,200000000
14873,200000000
14874,200000000
14884,200000000
14885,200000000
14889,200000000
14900,200000000
14901,200000000
14902,200000000
14908,200000000
14909,200000000
14914,200000000
14916,200000000
14918,200000000
14929,200000000
14930,200000000
14931,200000000
14934,200000000
14938,200000000
14939,200000000
14944,200000000
14945,200000000
14949,200000000
14950,200000000
14956,200000000
14957,200000000
14966,200000000
14968,200000000
14970,200000000
14971,200000000
14982,200000000
14983,200000000
14988,200000000
14998,200000000
15001,200000000
15003,200000000
15006,200000000
15007,200000000
15012,200000000
15014,200000000
15015,200000000
15017,200000000
15023,200000000
15028,200000000
15031,200000000
15037,200000000
15040,200000000
15042,200000000
15044,200000000
15045,200000000
15054,200000000
15058,200000000
15059,200000000
15065,200000000
15069,200000000
15079,200000000
15081,200000000
15082,200000000
15084,200000000
15087,200000000
15089,200000000
15095,200000000
15096,200000000
15101,200000000
15105,200000000
15109,200000000
15116,200000000
15118,200000000
15122,200000000
15128,200000000
15132,200000000
15139,200000000
15146,200000000
15147,200000000
15153,200000000
15155,200000000
15156,200000000
15158,200000000
15163,200000000
15164,200000000
15165,200000000
15166,200000000
15171,200000000
15180,200000000
15182,200000000
15188,200000000
15192,200000000
15202,200000000
15203,200000000
15204,200000000
15206,200000000
15207,200000000
15211,200000000
15217,200000000
15223,200000000
15233,200000000
15240,200000000
15241,200000000
15244,200000000
15248,200000000
15250,200000000
15252,200000000
15254,200000000
15255,200000000
15257,200000000
15258,200000000
15259,200000000
15264,200000000
15266,200000000
15269,200000000
15270,200000000
15272,200000000
15275,200000000
15276,200000000
15283,200000000
15287,200000000
15298,200000000
15306,200000000
15307,200000000
15308,200000000
15314,200000000
15322,200000000
15325,200000000
15326,200000000
15328,200000000
15329,200000000
15332,200000000
15334,200000000
15336,200000000
15339,200000000
15340,200000000
15342,200000000
15343,200000000
15344,200000000
15345,200000000
15346,200000000
15348,200000000
15350,200000000
15352,200000000
15358,200000000
15359,200000000
15363,200000000
15365,200000000
15368,200000000
15369,200000000
15370,200000000
15371,200000000
15376,200000000
15377,200000000
15378,200000000
15382,200000000
15386,200000000
15391,200000000
15395,200000000
15398,200000000
15399,200000000
15401,200000000
15405,200000000
15407,200000000
15408,200000000
15409,200000000
15413,200000000
15416,200000000
15419,200000000
15423,200000000
15427,200000000
15428,200000000
15431,200000000
15435,200000000
15436,200000000
15437,200000000
15441,200000000
15444,200000000
15447,200000000
15448,200000000
15451,200000000
15453,200000000
15454,200000000
15457,200000000
15463,200000000
15464,200000000
15473,200000000
15477,200000000
15478,200000000
15481,200000000
15483,200000000
15485,200000000
15493,200000000
15497,200000000
15499,200000000
15502,200000000
15506,200000000
15508,200000000
15509,200000000
15511,200000000
15512,200000000
15514,200000000
15517,200000000
15522,200000000
15535,200000000
15537,200000000
15539,200000000
15542,200000000
15548,200000000
15549,200000000
15550,200000000
15562,200000000
15563,200000000
15564,200000000
15565,200000000
15566,200000000
15569,200000000
15570,200000000
15572,200000000
15575,200000000
15578,200000000
15579,200000000
15588,200000000
15591,200000000
15595,200000000
15596,200000000
15599,200000000
15601,200000000
15603,200000000
15608,200000000
15609,200000000
15613,200000000
15614,200000000
15615,200000000
15616,200000000
15621,200000000
15624,200000000
15625,200000000
15627,200000000
15635,200000000
15637,200000000
15649,200000000
15650,200000000
15652,200000000
15655,200000000
15657,200000000
15663,200000000
15664,200000000
15666,200000000
15671,200000000
15678,200000000
15680,200000000
15691,200000000
15696,200000000
15702,200000000
15706,200000000
15710,200000000
15714,200000000
15718,200000000
15727,200000000
15730,200000000
15731,200000000
15732,200000000
15736,200000000
15737,200000000
15740,200000000
15745,200000000
15747,200000000
15752,200000000
15753,200000000
15754,200000000
15756,200000000
15761,200000000
15762,200000000
15767,200000000
15772,200000000
15783,200000000
15784,200000000
15785,200000000
15789,200000000
15792,200000000
15801,200000000
15810,200000000
15813,200000000
15818,200000000
15820,200000000
15829,200000000
15833,200000000
15838,200000000
15839,200000000
15848,200000000
15856,200000000
15859,200000000
15860,200000000
15867,200000000
15868,200000000
15869,200000000
15870,200000000
15873,200000000
15874,200000000
15875,200000000
15877,200000000
15881,200000000
15882,200000000
15884,200000000
15886,200000000
15887,200000000
15888,200000000
15890,200000000
15892,200000000
15893,200000000
15896,200000000
15898,200000000
15907,200000000
15908,200000000
15916,200000000
15918,200000000
15923,200000000
15932,200000000
15934,200000000
15941,200000000
15946,200000000
15947,200000000
15955,200000000
15961,200000000
15963,200000000
15965,200000000
15966,200000000
15969,200000000
15970,200000000
15972,200000000
15974,200000000
15975,200000000
15977,200000000
15978,200000000
15979,200000000
15985,200000000
15986,200000000
15988,200000000
15992,200000000
15993,200000000
15994,200000000
15996,200000000
15997,200000000
15998,200000000
16003,200000000
16008,200000000
16011,200000000
16013,200000000
16016,200000000
16020,200000000
16021,200000000
16022,200000000
16023,200000000
16027,200000000
16033,200000000
16036,200000000
16040,200000000
16055,200000000
16062,200000000
16068,200000000
16069,200000000
16076,200000000
16083,200000000
16084,200000000
16085,200000000
16088,200000000
16101,200000000
16105,200000000
16106,200000000
16108,200000000
16110,200000000
16113,200000000
16115,200000000
16122,200000000
16124,200000000
16126,200000000
16131,200000000
16141,200000000
16147,200000000
16153,200000000
16154,200000000
16156,200000000
16157,200000000
16159,200000000
16160,200000000
16161,200000000
16162,200000000
16164,200000000
16165,200000000
16171,200000000
16172,200000000
16173,200000000
16179,200000000
16185,200000000
16187,200000000
16188,200000000
16191,200000000
16194,200000000
16197,200000000
16199,200000000
16206,200000000
16210,200000000
16214,200000000
16216,200000000
16219,200000000
16224,200000000
16235,200000000
16243,200000000
16247,200000000
16248,200000000
16251,200000000
16254,200000000
16264,200000000
16268,200000000
16270,200000000
16271,200000000
16278,200000000
16279,200000000
16281,200000000
16282,200000000
16283,200000000
16284,200000000
16288,200000000
16292,200000000
16294,200000000
16295,200000000
16299,200000000
16300,200000000
16304,200000000
16307,200000000
16310,200000000
16313,200000000
16317,200000000
16319,200000000
16320,200000000
16324,200000000
16326,200000000
16328,200000000
16338,200000000
16340,200000000
16342,200000000
16343,200000000
16351,200000000
16354,200000000
16355,200000000
16356,200000000
16359,200000000
16362,200000000
16364,200000000
16368,200000000
16369,200000000
16385,200000000
16392,200000000
16402,200000000
16406,200000000
16413,200000000
16418,200000000
16419,200000000
16421,200000000
16422,200000000
16432,200000000
16433,200000000
16438,200000000
16443,200000000
16444,200000000
16445,200000000
16446,200000000
16450,200000000
16451,200000000
16460,200000000
16461,200000000
16467,200000000
16469,200000000
16472,200000000
16473,200000000
16480,200000000
16485,200000000
16488,200000000
16489,200000000
16490,200000000
16491,200000000
16502,200000000
16513,200000000
16515,200000000
16517,200000000
16519,200000000
16521,200000000
16522,200000000
16527,200000000
16528,200000000
16534,200000000
16535,200000000
16549,200000000
16554,200000000
16557,200000000
16558,200000000
16563,200000000
16565,200000000
16572,200000000
16573,200000000
16576,200000000
16581,200000000
16587,200000000
16590,200000000
16602,200000000
16610,200000000
16611,200000000
16619,200000000
16622,200000000
16628,200000000
16638,200000000
16639,200000000
16647,200000000
16649,200000000
16652,200000000
16656,200000000
16666,200000000
16668,200000000
16673,200000000
16674,200000000
16686,200000000
16693,200000000
16706,200000000
16708,200000000
16715,200000000
16719,200000000
16723,200000000
16725,200000000
16728,200000000
16730,200000000
16731,200000000
16733,200000000
16736,200000000
16738,200000000
16750,200000000
16753,200000000
16755,200000000
16756,200000000
16757,200000000
16758,200000000
16760,200000000
16762,200000000
16763,200000000
16770,200000000
16773,200000000
16774,200000000
16776,200000000
16780,200000000
16786,200000000
16788,200000000
16789,200000000
16791,200000000
16796,200000000
16797,200000000
16802,200000000
16803,200000000
16804,200000000
16809,200000000
16811,200000000
16812,200000000
16816,200000000
16826,200000000
16827,200000000
16828,200000000
16829,200000000
16830,200000000
16836,200000000
16838,200000000
16839,200000000
16840,200000000
16848,200000000
16853,200000000
16854,200000000
16860,200000000
16863,200000000
16867,200000000
16868,200000000
16872,200000000
16873,200000000
16877,200000000
16883,200000000
16888,200000000
16889,200000000
16891,200000000
16892,200000000
16893,200000000
16896,200000000
16897,200000000
16899,200000000
16903,200000000
16906,200000000
16907,200000000
16910,200000000
16911,200000000
16913,200000000
16916,200000000
16920,200000000
16922,200000000
16933,200000000
16938,200000000
16945,200000000
16949,200000000
16954,200000000
16962,200000000
16966,200000000
16970,200000000
16976,200000000
16990,200000000
16991,200000000
16995,200000000
16998,200000000
17001,200000000
17004,200000000
17008,200000000
17011,200000000
17013,200000000
17015,200000000
17021,200000000
17022,200000000
17026,200000000
17027,200000000
17035,200000000
17039,200000000
17042,200000000
17043,200000000
17049,200000000
17051,200000000
17052,200000000
17053,200000000
17054,200000000
17063,200000000
17065,200000000
17068,200000000
17070,200000000
17071,200000000
17072,200000000
17075,200000000
17080,200000000
17081,200000000
17082,200000000
17089,200000000
17094,200000000
17096,200000000
17097,200000000
17098,200000000
17108,200000000
17109,200000000
17110,200000000
17112,200000000
17122,200000000
17123,200000000
17128,200000000
17130,200000000
17132,200000000
17134,200000000
17135,200000000
17136,200000000
17144,200000000
17145,200000000
17149,200000000
17152,200000000
17154,200000000
17156,200000000
17158,200000000
17161,200000000
17168,200000000
17169,200000000
17171,200000000
17173,200000000
17174,200000000
17175,200000000
17177,200000000
17182,200000000
17184,200000000
17186,200000000
17188,200000000
17192,200000000
17198,200000000
17206,200000000
17209,200000000
17211,200000000
17220,200000000
17225,200000000
17231,200000000
17232,200000000
17235,200000000
17241,200000000
17243,200000000
17244,200000000
17245,200000000
17246,200000000
17250,200000000
17252,200000000
17253,200000000
17255,200000000
17259,200000000
17260,200000000
17262,200000000
17264,200000000
17267,200000000
17272,200000000
17277,200000000
17279,200000000
17281,200000000
17282,200000000
17294,200000000
17295,200000000
17296,200000000
17298,200000000
17299,200000000
17301,200000000
17304,200000000
17321,200000000
17325,200000000
17326,200000000
17329,200000000
17332,200000000
17333,200000000
17335,200000000
17338,200000000
17342,200000000
17346,200000000
17347,200000000
17348,200000000
17350,200000000
17351,200000000
17356,200000000
17357,200000000
17359,200000000
17361,200000000
17364,200000000
17365,200000000
17369,200000000
17373,200000000
17376,200000000
17380,200000000
17381,200000000
17384,200000000
17390,200000000
17394,200000000
17395,200000000
17398,200000000
17399,200000000
17400,200000000
17403,200000000
17404,200000000
17405,200000000
17407,200000000
17408,200000000
17409,200000000
17413,200000000
17414,200000000
17417,200000000
17418,200000000
17419,200000000
17424,200000000
17429,200000000
17430,200000000
17433,200000000
17437,200000000
17444,200000000
17450,200000000
17453,200000000
17455,200000000
17462,200000000
17463,200000000
17472,200000000
17476,200000000
17477,200000000
17478,200000000
17479,200000000
17480,200000000
17481,200000000
17492,200000000
17498,200000000
17501,200000000
17507,200000000
17509,200000000
17510,200000000
17513,200000000
17516,200000000
17521,200000000
17523,200000000
17528,200000000
17532,200000000
17535,200000000
17537,200000000
17539,200000000
17544,200000000
17549,200000000
17554,200000000
17556,200000000
17563,200000000
17566,200000000
17567,200000000
17571,200000000
17572,200000000
17573,200000000
17575,200000000
17577,200000000
17578,200000000
17583,200000000
17586,200000000
17588,200000000
17590,200000000
17593,200000000
17596,200000000
17606,200000000
17622,200000000
17628,200000000
17632,200000000
17634,200000000
17643,200000000
17644,200000000
17653,200000000
17655,200000000
17656,200000000
17662,200000000
17667,200000000
17668,200000000
17669,200000000
17671,200000000
17673,200000000
17685,200000000
17690,200000000
17696,200000000
17697,200000000
17705,200000000
17708,200000000
17709,200000000
17714,200000000
17720,200000000
17726,200000000
17727,200000000
17729,200000000
17734,200000000
17735,200000000
17739,200000000
17741,200000000
17743,200000000
17744,200000000
17763,200000000
17775,200000000
17776,200000000
17777,200000000
17779,200000000
17783,200000000
17784,200000000
17785,200000000
17790,200000000
17794,200000000
17795,200000000
17799,200000000
17801,200000000
17804,200000000
17817,200000000
17818,200000000
17822,200000000
17824,200000000
17828,200000000
17831,200000000
17834,200000000
17835,200000000
17838,200000000
17842,200000000
17843,200000000
17849,200000000
17851,200000000
17854,200000000
17855,200000000
17858,200000000
17860,200000000
17867,200000000
17869,200000000
17871,200000000
17873,200000000
17877,200000000
17879,200000000
17880,200000000
17881,200000000
17885,200000000
17890,200000000
17892,200000000
17894,200000000
17901,200000000
17907,200000000
17916,200000000
17923,200000000
17925,200000000
17926,200000000
17927,200000000
17928,200000000
17929,200000000
17938,200000000
17942,200000000
17947,200000000
17951,200000000
17954,200000000
17958,200000000
17959,200000000
17964,200000000
17966,200000000
17973,200000000
17976,200000000
17977,200000000
17982,200000000
17987,200000000
17998,200000000
18003,200000000
18011,200000000
18015,200000000
18023,200000000
18028,200000000
18029,200000000
18037,200000000
18041,200000000
18045,200000000
18046,200000000
18049,200000000
18050,200000000
18055,200000000
18057,200000000
18061,200000000
18075,200000000
18083,200000000
18088,200000000
18096,200000000
18097,200000000
18099,200000000
18101,200000000
18103,200000000
18104,200000000
18109,200000000
18111,200000000
18114,200000000
18115,200000000
18117,200000000
18121,200000000
18123,200000000
18126,200000000
18127,200000000
18129,200000000
18130,200000000
18131,200000000
18133,200000000
18137,200000000
18145,200000000
18147,200000000
18150,200000000
18153,200000000
18154,200000000
18155,200000000
18162,200000000
18163,200000000
18165,200000000
18167,200000000
18169,200000000
18175,200000000
18178,200000000
18186,200000000
18187,200000000
18188,200000000
18190,200000000
18196,200000000
18197,200000000
18198,200000000
18199,200000000
18202,200000000
18207,200000000
18208,200000000
18213,200000000
18218,200000000
18220,200000000
18222,200000000
18223,200000000
18225,200000000
18226,200000000
18227,200000000
18231,200000000
18233,200000000
18238,200000000
18240,200000000
18243,200000000
18244,200000000
18245,200000000
18246,200000000
18248,200000000
18249,200000000
18250,200000000
18254,200000000
18258,200000000
18259,200000000
18260,200000000
18263,200000000
18266,200000000
18268,200000000
18271,200000000
18276,200000000
18278,200000000
18279,200000000
18280,200000000
18285,200000000
18287,200000000
18291,200000000
18293,200000000
18297,200000000
18298,200000000
18301,200000000
18305,200000000
18307,200000000
18308,200000000
18316,200000000
18317,200000000
18318,200000000
18319,200000000
18324,200000000
